{"cameraMode":{"drawMode":0,"name":"Shaded","section":"Shading Mode"},"sceneLighting":true,"audioPlay":false,"sceneViewState":{"showFog":true,"showMaterialUpdate":false,"showSkybox":true,"showFlares":true,"showImageEffects":true,"showParticleSystems":true},"in2DMode":false,"pivot":{"x":-2.464717149734497,"y":1.4060168266296387,"z":29.500690460205079},"rotation":{"x":-0.38685742020606997,"y":0.5354070663452148,"z":-0.30117329955101015,"w":-0.6877320408821106},"size":11.125046730041504,"orthographic":false}